alibaba/nacos,false,3774,40,develop,41,206,Apache License 2.0,865,20553,8620,42903,2018-06-15 06:49:27.0,2021-12-08 07:38:05.0,2021-12-08 14:08:46.0,https://nacos.io,Java,5020,475,2246,29,2021-12-07 02:25:01.0,f136dde8fae27797156f0ecb9abbe80774beaea4,true,false,"Java,SCSS,Shell,JavaScript,TypeScript,Batchfile","area/Client,area/Config,area/DNS-Server,area/Document,area/Dubbo,area/Istio,area/Kubernetes,area/Nacos console,area/Nacos Core,area/Naming,area/Service Mesh,area/Spring,area/Spring Boot,area/Spring Cloud,area/Test,contribution welcome,dependencies,expired,follow up,go,good first issue,help wanted,java,kind/bug,kind/code quality,kind/discussion,kind/enhancement,kind/feature,kind/notice,kind/performance,kind/proposal,kind/question,kind/refactor,kind/research,kind/typo,kind/user experience,os/windows,pending,priority/blocker,priority/high,priority/low,priority/normal,priority/urgent,Soc2019,SoC2020,status/duplicate,status/inactive,status/invalid,status/lack env information,status/merge-conflict,status/more-info-needed,status/need discuss,status/need feedback,status/wontfix,Summer2021,version/2.x,weekly-report"
apache/accumulo,false,11076,2,main,0,134,Apache License 2.0,90,895,388,82001,2011-10-06 07:00:09.0,2021-12-10 06:26:42.0,2021-12-08 14:50:31.0,https://accumulo.apache.org,Java,762,140,1605,30,2021-12-08 14:50:26.0,2fd40dd8fd68c94bad6fb887d6b1cd99d39481c3,false,false,"Java,JavaScript,Shell,FreeMarker,Thrift,C++,Python,CSS,HTML,Makefile,C","blocker,bug,build,cannot reproduce,dependencies,duplicate,enhancement,good first issue,Hacktoberfest,help wanted,question,reverted,spam,test,won't fix"
apache/cloudstack,false,34665,200,main,13,213,Apache License 2.0,135,1126,881,567706,2013-04-29 22:27:12.0,2021-12-08 14:07:03.0,2021-12-08 08:58:35.0,,Java,1143,173,4563,109,2021-12-06 14:06:10.0,28385be60998852f1419c5a77d3e0bba6e069807,true,false,"Java,Python,C#,Vue,JavaScript,Shell,Groovy,XSLT,HTML,Less,CSS,Ruby,Batchfile,FreeMarker,Dockerfile,Makefile","age:1year_plus,age:2years_plus,compatibilty,complexity:complex,complexity:dragoning,complexity:epic,complexity:normal,complexity:simpel,complexity:trivial,complexity:unknown,component: JDK,component:advanced-networking,component:agent,component:api,component:backup,component:basic-network,component:build,component:ceph,component:cks,component:compute,component:console-proxy,component:csvm,component:database,component:dhcp,component:documentation,component:dpdk,component:hyper-v,component:hyperv,component:identity-management,component:integration-test,component:ipv6,component:iscsi,component:kubernetes,component:kvm,component:LDAP,component:libvirt,component:local-storage,component:logging,component:managed-storage,component:management-server,component:marvin,component:migration,component:mysql,component:nested-hypervisor,component:networking,component:oldUI,component:openvswitch,component:orchestration,component:packaging,component:plugin,component:primary-storage,component:primate,component:projects,component:quota,component:saml,component:secondary-storage,component:security,component:security-group,component:solidfire,component:ssvm,component:systemd,component:templates,component:travis,component:UI,component:unit-test,component:upgrade,component:usage-server,component:user-interface,component:virtual-router,component:vmware,component:vpc,component:vxlan,component:website,component:XenServer,component:zone-wizard,dependencies,distro:centos,distro:ubuntu,docker,gsoc2021,hackathon,Juniper,licensing,NEEDS-GO-NO_GO-URGENTLY,platform:arm64,platform:raspberrypi,Python,python3,Severity:BLOCKER,Severity:Critical,Severity:Major,Severity:Minor,Severity:None,Severity:Trivial,simulator,status:blocked,status:cant replicate,status:CI-running,status:closable,status:depreciated,status:duplicate,status:Has a PR,status:Help-wanted,status:invalid,status:manual-tests-failing,status:manual-tests-not-run,status:manual-tests-passing,status:marvin-test-not-run,status:marvin-tests-failing,status:marvin-tests-passing,status:needs-CI,status:needs-functional-definition,status:needs-investigation,status:needs-love,status:needs-reproducing,status:needs-review,status:needs-testing,status:Not a problem,status:not-a-bug,status:On Hold,status:proof-of-concept,status:ready-for-merge,status:rebase required,status:reviews-complete,status:testing,status:waiting-for-author,status:waiting-for-reviewer,status:waiting-for-smoketest-results,status:wontfix,status:work-in-progress,systemvm-iso-change,systemvm-template-change,type:admin/housekeeping,type:breaking-change,type:bug,type:cleanup,type:config,type:enhancement,type:experimental-feature,type:healthcheckrun,type:improvement,type:new-feature,type:question,type:regression,type:technical-debt,wip"
apache/dubbo-samples,false,998,2,master,0,79,Apache License 2.0,133,1558,1220,4210,2018-04-28 09:25:29.0,2021-12-05 13:09:16.0,2021-12-06 13:34:05.0,,Java,99,36,303,11,2021-12-05 13:09:16.0,ed04fbf6baf786c93f217cb7119777910d6f8a6f,true,false,"Java,Shell,Scala,HTML,Dockerfile,Thrift,Roff","bug,dependencies,duplicate,enhancement,first-time-contributor,good first issue,help wanted,invalid,question,waiting-for-feedback,wontfix"
apache/dubbo-spi-extensions,false,130,2,master,3,12,Apache License 2.0,45,67,32,2833,2020-05-14 15:51:35.0,2021-10-18 05:55:47.0,2021-10-18 12:52:09.0,https://dubbo.apache.org/,Java,26,2,48,2,2021-10-18 05:51:30.0,a0f0b346c914b234c2a7e8532b275aaeeabf21e8,false,false,"Java,Thrift","area/dubbo api docs,bug,documentation,duplicate,enhancement,good first issue,help wanted,invalid,question,waiting-for-feedback,wontfix"
apache/iotdb,false,5468,97,master,15,153,Apache License 2.0,88,1682,514,62206,2018-11-24 21:29:17.0,2021-12-08 12:57:46.0,2021-12-08 00:56:42.0,https://iotdb.apache.org/,Java,405,117,4037,49,2021-12-08 00:56:37.0,7aabea4d2d8224ddf13f9b929287d954ac2d3e11,true,false,"Java,Scala,Python,C++,Vue,Shell,JavaScript,Batchfile,Thrift,ANTLR,Roff,Stylus,MATLAB,CMake,HTML","0.11.4,0.11.5,0.12,0.12.1,0.12.1 & 0.13,0.12.2,0.12.3,0.13,bug,dependencies,Easy-Fixed,Experimental,github_actions,Hot-Fix,Improvement,In Progress,java,master,Module - C++ client,Module - CLI,Module - Cluster,Module - Compaction,Module - Documents,Module - Examples,Module - File Sync,Module - Flink,Module - Go Client,Module - Grafana,Module - Hadoop,Module - Hive,Module - Index,Module - Java Client,Module - JDBC,Module - Metrics,Module - MQTT,Module - Python Client,Module - Query Processing,Module - Restful,Module - Rocketmq,Module - RPC,Module - Schema Manager,Module - site,Module - Spark,Module - SQL,Module - Standalone,Module - Storage Engine,Module - TsFile,Module - UDF,Module - Upgrade Tool,Module - WAL,Module - Zeppelin,Need Test,New Feature,Priority - High,Priority - Low,Priority - Middle,ready for review,Solution,Tool,Trivial,v0.11.1"
apache/rocketmq,false,1843,57,master,4,286,Apache License 2.0,888,16047,8923,11429,2016-11-30 08:00:08.0,2021-12-06 15:53:18.0,2021-12-06 14:27:28.0,,Java,1819,329,1762,188,2021-10-22 05:44:14.0,21faa68b4cdd7f7103eebd811ed87154ff69e177,true,false,"Java,Shell,Python,Batchfile","acl,admin,broker,bug,client,code style,discuss,doc,duplicate,enhancement,Good First Issue,namesrv,new feature,question,remoting,rip,soc,store,test,tools,transaction,urgent,wip,wontfix"
apache/rya,false,460,5,master,9,27,Apache License 2.0,23,96,77,8748,2015-10-06 07:00:05.0,2021-01-08 04:14:04.0,2021-01-11 15:38:30.0,,Java,,,321,14,2020-12-16 19:27:39.0,ac44b3c00e2dc279bfb178eb94e56ba4384602ed,false,false,,
apache/skywalking,false,6862,13,master,49,382,Apache License 2.0,842,18265,5380,161887,2015-11-07 03:30:36.0,2021-12-07 02:56:01.0,2021-12-08 08:41:47.0,https://skywalking.apache.org/,Java,4001,51,3888,1,2021-12-07 02:55:58.0,f2229b6f27eb2572e10951f759904470ce59bfd5,false,false,"Java,Shell,Python,FreeMarker,ANTLR,Batchfile,Makefile,Dockerfile,TypeScript,JavaScript,Go,Lua,PHP","agent,backend,bug,chore,CI settings,CLI,Client JS,complexity:high,complexity:medium,core feature,database,demo env,dependencies,discussion,docker,documentation,don't merge,duplicate,ecosystem,enhancement,feature,good first issue,helm,high priority,infra-e2e,invalid,java,kong,license eye,Nginx,no update,nodejs,plugin,potential bug,protocol,python,query,question,rejected,satellite,showcase,so11y,submodule update,SWCK,TBD,test,UI,website,wontfix"
apache/skywalking-java,false,6751,1,main,1,380,Apache License 2.0,37,141,85,161117,2021-08-26 13:08:54.0,2021-12-06 09:25:05.0,2021-12-06 09:25:10.0,https://skywalking.apache.org/,Java,0,0,80,1,2021-12-06 09:25:04.0,2557749617e4188b15c1f9f4e4462f422e241ed2,false,false,"Java,Shell,Kotlin,Scala,Dockerfile,Thrift,Makefile,Python","bug,chore,CI Setting,core,dependency,docker,documentation,duplicate,enhancement,feature,good first issue,help wanted,invalid,plugin,question,rejected,testing,wontfix"
aws/aws-sdk-java-v2,false,8113,180,master,0,80,Apache License 2.0,87,1299,517,179202,2017-06-23 18:56:01.0,2021-12-10 01:29:01.0,2021-12-10 06:25:22.0,,Java,1015,235,1869,28,2021-12-10 00:20:56.0,be152db5c0c58c112aef9d27257ce1379a410a33,false,false,"Java,Python,Gherkin,HTML,JavaScript,Scilab,Shell,Batchfile","1.11.x Parity,2.0 New,blocked,breaking-change,bug,closed-for-staleness,closing-soon,contribution/core,dependencies,documentation,duplicate,dynamodb-enhanced,feature-request,guidance,hacktoberfest,help wanted,invalid,investigating,kotlin,needs-discussion,needs-reproduction,needs-review,needs-triage,Netty NIO Client,no-auto-closure,pending-release,pr/blocked,pr/breaking-change,pr/do-not-merge,pr/needs-review,pr/needs-tests,pr/ready-to-merge,pr/work-in-progress,response-requested,sdk-metrics,SECURITY,service-api,service:dynamodb,service:ec2,service:s3,shipped,spam,third-party,transfer-manager,wontfix"
axonframework/axonframework,false,7682,31,master,86,132,Other,201,2553,686,34391,2011-12-02 16:04:42.0,2021-12-10 10:29:50.0,2021-12-10 08:05:52.0,http://axoniq.io,Java,958,82,1072,8,2021-12-09 08:47:00.0,1b1dfb5bcc8ccd0da61dc706e18ebb1b275d930a,false,false,Java,"CVSS: High,CVSS: Low,CVSS: Medium,Epic,Ideal for Contribution,Priority 1: Must,Priority 2: Should,Priority 3: Could,Priority 4: Would,Status: Blocked,Status: Duplicate,Status: In Progress,Status: Information Required,Status: Obsolete,Status: On Hold,Status: Resolved,Status: Under Discussion,Status: Won't Fix,Target: 4.5.4,Target: 4.6.0,Type: Bug,Type: Dependency Upgrade,Type: Documentation,Type: Enhancement,Type: Feature,Type: Incorrect Repository,Type: Question"
burst-apps-team/burstcoin,true,3192,13,v3.0,30,51,GNU General Public License v3.0,20,162,61,83239,2018-12-27 21:39:02.0,2021-06-28 22:23:46.0,2021-06-29 06:27:40.0,,Java,143,21,367,5,2021-06-28 20:35:07.0,bd7742f22f45f8fa637edc19c66be81653bea00d,false,false,"Java,JavaScript,HTML,CSS,Perl,Shell","UI,backend,bug,codebase,dependencies,dist,docs,dontmerge,duplicate,enhancement,fork-hard,fork-soft,frontend,help wanted,priority-dropeverything,priority-high,priority-low,priority-medium,question,wontfix"
camunda-community-hub/camunda-platform-scenario,false,366,4,master,5,12,Apache License 2.0,12,46,10,2142,2016-09-05 11:28:53.0,2021-05-30 09:05:47.0,2021-05-30 09:04:33.0,,Java,51,10,35,0,2021-05-30 09:04:22.0,b22b8e971b3122675550ce63d306506a84203522,true,false,"Java,Gherkin","chore,dependencies,doc,duplicate,feature,fix,help,improve,notreproducible,question,test,waiting-for-camunda,wontfix"
camunda/camunda-bpm-assert-scenario,false,290,5,master,0,10,Apache License 2.0,12,45,10,1991,2016-09-05 11:28:53.0,2021-05-02 14:16:54.0,2021-05-02 14:12:10.0,,Java,33,10,24,1,2021-05-02 14:12:07.0,f0d08ac8f33e96d143a419df9e023bfeb301724e,true,false,Java,"chore,dependencies,doc,duplicate,feature,fix,help,improve,notreproducible,question,test,wontfix"
caojiele/nacos,true,3536,2,master,0,186,Apache License 2.0,0,12,1,40147,2018-07-22 13:58:03.0,2021-06-15 07:59:31.0,2021-06-15 01:36:20.0,,Java,0,0,5,0,2021-06-15 01:35:12.0,9bc502a2f0d03d465b20782cf15f29d2f51b9dac,true,false,"Java,SCSS,Shell,JavaScript,TypeScript,Batchfile","bug,duplicate,enhancement,good first issue,help wanted,invalid,question,wontfix"
cbioportal/cbioportal,false,19294,95,master,192,90,GNU Affero General Public License v3.0,45,396,309,338268,2015-03-18 20:09:09.0,2021-12-10 08:12:11.0,2021-12-09 21:01:16.0,https://cbioportal.org,Java,5451,159,3398,18,2021-12-09 21:01:10.0,aa7aec069e892890ea9d221688969f177b1e83f9,true,false,"Java,Python,HTML,JavaScript,ActionScript,Shell,Perl,GAP,Jinja,Dockerfile","alterationstab,api,api-error,automerge,backend,backend-scrum,bug,cbioPortal Maintenance,cBioPortal Performance,chore,cl-bug,cl-enhancement,cl-external-api,cl-feature,cl-performance,cl-prototype,cleanup,critical,Curation Engineering,curation->engineering,czi,daily-scrum-goal,data,database,dependencies,deprecation,devops,discussion,do not merge,do not review,docker,documentation,duplicate,enhancement,Epic,feature,fixed by pending data update,fixed by pending PR,frontend,GENIE,genome-nexus,good first issue,group-comparison,help wanted,hotfix,HTAN,igv,immunogenomics,importer,in progress,includes db changes,intern,interrupt,invalid,java,keycloak,manual,master branch,merged - needs conf. after deploy,minor,mutationmapper,needs tests,needs-product-review,needs.test.e2e,not a bug,oncokb,oncoprinter,oql,package-management,pathwaymapper,patient page,performance,pipeline,priority,python,query page,question,quick-search,r-client,rc,ready,ready to merge,ready to review,release candidate,results.cancer-types-summary,results.cn-segments,results.coexpression,results.comparison,results.download,results.expression,results.fusion,results.mutations,results.mutex,results.network,results.oncoprint,results.plots,results.survival,rfc,RFC45,run-performance-tests,security,session-service,skip-changelog,skipped test,SPA,stale,study page,support,technical debt,test,The Hyve,timeline,url,validator,virtual-study"
confluentinc/kafka-streams-examples,false,3028,247,7.0.0-post,0,51,Apache License 2.0,289,1857,978,16407,2017-08-18 22:07:36.0,2021-12-10 10:53:29.0,2021-12-10 02:31:37.0,,Java,105,11,307,8,2021-12-10 02:31:31.0,261ae2708348c4c321c360d8a81c5e3be3c2b539,true,false,"Java,Scala,Python,Shell","awaiting info,bug,duplicate,enhancement,example-request,help wanted,invalid,question,wontfix"
corfudb/corfudb,false,3161,246,master,0,52,Other,55,564,107,527644,2013-09-19 22:02:36.0,2021-12-10 01:44:21.0,2021-12-08 10:19:07.0,,Java,839,88,2297,104,2021-12-08 10:19:01.0,9b3a2a77c291d8b926c37d9421818da0b0e4c242,true,false,"Java,Clojure,Shell,Dockerfile","0.2.3,0.3.0,act: in progress,act: invalid,act: ready,act: wait to merge,bug,defect,dependencies,feature,Found in: Injection Framework,invalid,log-replication,NFS-100,non-code,Performance Testing,priority: high,priority: low,priority: medium,question,research,risk: high,risk: low,risk: medium,Test Failure,testing framework,typ: bug fix,typ: enhancement,typ: performance,typ: refactoring,typ: stability,wontfix"
criteo/garmadon,false,361,9,master,0,16,Apache License 2.0,7,37,23,10975,2018-10-09 12:15:07.0,2021-12-02 14:05:12.0,2021-12-02 13:18:57.0,,Java,16,4,195,1,2021-12-02 13:18:52.0,ddc097685f766d4b6d3f9323a8b6fa77392ad6d1,false,false,"Java,Shell,Dockerfile,HTML","bug,dependencies,duplicate,enhancement,good first issue,help wanted,invalid,question,wontfix"
datasift/datasift-connector,false,181,5,master,24,10,MIT License,41,10,4,2197,2015-06-01 14:09:07.0,2018-03-01 18:13:37.0,2020-06-09 08:51:16.0,http://datasift.com/,Java,21,9,58,1,2017-06-20 11:08:10.0,6ff35fa37efcbbe82638ce977be037364b12d76f,true,false,,
dianping/puma,false,2819,3,master,2,15,,37,167,102,26527,2012-12-06 07:16:29.0,2016-04-11 04:02:19.0,2020-12-10 13:38:11.0,,Java,3,2,53,0,2016-04-07 10:23:18.0,b8762eead3580050094fca7e13e1a7ebbdc5ea33,true,false,,
easymock/objenesis,false,693,5,master,10,14,Apache License 2.0,33,487,84,3569,2013-07-16 16:08:53.0,2021-11-26 03:53:02.0,2021-11-26 03:53:05.0,objenesis.org,Java,68,6,20,3,2021-11-26 03:52:57.0,e32ce28049af3fc856fc2f60df350f2f713caf93,false,false,"Java,HTML,CSS,Shell,Batchfile","bug,duplicate,enhancement,goodfirstissue,hacktoberfest,invalid,Milestone-1.0,Milestone-1.2,Milestone-1.3,Milestone-1.4,Milestone-2.0,Milestone-2.1,Milestone-2.2,Priority-High,Priority-Low,Priority-Medium,question,Type-Defect,Type-Enhancement,Type-Task,wontfix"
eclipse/kapua,false,5660,31,develop,38,31,Eclipse Public License 2.0,37,184,157,41041,2016-10-14 15:14:46.0,2021-12-01 14:42:17.0,2021-12-01 14:40:54.0,,Java,1663,168,1803,21,2021-12-01 14:40:50.0,fb5c89d3671658b6ccda8d5392f67ef54e60cd0d,true,false,"Java,Gherkin,HTML,SCSS,Less,Shell,Dockerfile,CSS,PowerShell,JavaScript","Bug,build,Build and test,Code,Community Request,Console GWT,CQ approved,CQ pending,Dependencies,documentation,duplicate,EclipseInt,Enhancement,Epic,Invalid,kura-simulator,Liquibase,messaging,proposal,Question/support,rest-api,Security,Stale PR,Test,Waitfor/Kura,Waitfor/Test,Website,Wontfix"
fortnoxab/reactive-wizard,false,796,111,master,104,16,MIT License,19,24,14,1931,2017-03-16 20:40:45.0,2021-12-09 14:52:34.0,2021-12-08 10:29:24.0,,Java,23,6,243,2,2021-12-08 10:29:20.0,d85bcda644608d2b97704aa8a733e22b47a5f602,true,false,Java,"bug,dependencies,duplicate,enhancement,help wanted,invalid,question,wontfix"
gluufederation/oxd,false,2202,45,master,2,20,Apache License 2.0,27,38,25,63484,2014-09-01 21:32:20.0,2021-11-17 12:07:09.0,2021-11-17 12:07:11.0,https://oxd.gluu.org,Java,378,7,202,0,2021-11-17 12:07:07.0,811c3dbe20f1e9e9d439f8d3409fa5edb5d30db9,true,false,"Java,Python,Inno Setup,Batchfile,Shell,Dockerfile","BLOCKER,bug,dependencies,duplicate,enhancement,Gluu Gateway,help wanted,High priority,invalid,Needs Documentation,Packaging,QA,question,ui:needs_approve,wontfix"
griddynamics/jagger,false,2343,13,master,70,25,Apache License 2.0,27,63,39,51756,2012-02-13 14:47:01.0,2019-04-05 14:08:37.0,2020-04-06 19:38:34.0,https://jagger.griddynamics.net,Java,47,26,815,5,2019-04-05 14:08:47.0,be56655e3b4538b045a023a13302735275e01bd0,true,false,,
hector-client/hector,false,2161,44,master,38,71,MIT License,51,649,311,36703,2010-02-10 14:32:34.0,2020-10-13 09:02:40.0,2020-09-27 23:07:15.0,http://prettyprint.me/2010/02/23/hector-a-java-cassandra-client/,Java,417,113,260,18,2015-07-30 18:27:19.0,a302e68ca8d91b45d332e8c9afd7d98030b54de1,true,false,"Java,HTML","Core,Docs,HOM,Update-dependencies,bug,enhancement ,feature,question"
ibissource/iaf,false,7216,32,master,20,33,Apache License 2.0,11,30,56,74713,2013-03-21 11:48:24.0,2021-12-10 08:24:56.0,2021-12-09 10:55:06.0,,Java,845,108,1662,15,2021-12-09 10:55:00.0,d74e67449ec0bf2521a5d3f70b41570b56510000,true,false,"Java,JavaScript,HTML,XSLT,CSS,Rich Text Format,Python,Batchfile,Dockerfile,Shell,Roff,TSQL,XQuery","Bug,dependencies,Estimated,Feature,Frank Console,Frank Doc,Frank Flow,Frank Framework,Frank Language,Frank Utils,hacktoberfest,invalid,Ladybug,Larva,Liquibase,Low Effort; High Return,Not a show stopper,Performance,Technical Debt,wontfix"
jacorb/jacorb,false,6083,17,master,0,21,GNU General Public License v2.0,21,63,73,58074,2012-06-21 12:18:10.0,2021-08-30 15:20:00.0,2021-08-30 15:20:04.0,,Java,26,11,262,3,2021-08-30 15:20:00.0,40c317f5e2fb89c5259e32e2e7416a899cf6befb,false,false,"Java,Shell,HTML,C++,GAP,Batchfile,IDL,Python,Makefile","bug,dependencies,duplicate,enhancement,invalid,question,wontfix"
jenkinsci/jenkins,false,31822,36,master,142,306,MIT License,885,18192,7124,134187,2010-11-22 21:21:23.0,2021-12-10 08:54:42.0,2021-12-10 05:02:47.0,https://www.jenkins.io,Java,0,0,6005,82,2021-12-09 17:46:50.0,277e38c5362b178b1c23de9dce89c70463384d68,false,false,"Java,HTML,JavaScript,CSS,Less,Groovy,Ruby,Handlebars,Perl,GAP,Shell,C,Batchfile","alternative,bug,dependencies,developer,github_actions,gsoc,hacktoberfest,hacktoberfest-accepted,internal,into-lts,invalid,java,java11,localization,major-bug,major-rfe,needs-docs,needs-fix,needs-jira-issue,needs-justification,needs-more-reviews,needs-testcase,on-hold,plugin-api-changes,proposed-for-close,ready-for-merge,regression-fix,removed,rfe,skip-changelog,spam,squash-merge-me,stalled,terminology,unresolved-merge-conflict,upgrade-guide-needed,web-ui,work-in-progress"
jenkinsci/m2release-plugin,false,315,4,master,29,15,Other,119,28,60,471,2010-12-14 20:33:26.0,2019-12-20 14:40:46.0,2020-05-20 20:57:54.0,https://jenkins.io,Java,,,36,9,2019-12-09 15:29:14.0,266ce67a53623593346c79fdd1c8dd3db51a4bb5,false,false,,
jenkinsci/trilead-ssh2,false,201,1,master,8,21,Other,136,139,87,877,2010-02-03 01:53:45.0,2021-05-15 12:23:16.0,2021-05-15 12:23:10.0,http://jenkins-ci.org/,Java,0,0,63,0,2021-05-15 12:23:07.0,8e7118e74deacd7ef044df9076fcb9b95280c163,false,false,"Java,Shell","DO NO MERGE,WIP,bug,chore,dependencies,enhancement,revert,test"
jolie/jolie,false,3983,20,master,24,20,GNU Lesser General Public License v2.1,29,407,38,12941,2015-03-15 23:51:31.0,2021-11-18 11:59:20.0,2021-11-17 20:01:23.0,https://www.jolie-lang.org/,Java,160,40,205,5,2021-10-27 13:00:33.0,47d15eabd37b1a6a2b6727897821fdf379b57cf6,true,false,"Java,Jolie,Shell,Batchfile,Dockerfile,JavaScript","bad format,bug,dependencies,duplicate,enhancement,invalid,maintenance,newbie friendly,open discussion,question,unintuitive behaviour,windows-specific,wontfix"
kohsuke/jenkins,true,27278,7,master,68,513,MIT License,115,984,7,104635,2009-07-15 23:26:56.0,2020-02-11 14:25:28.0,2020-04-22 18:36:05.0,http://jenkins-ci.org/,Java,0,0,35,2,2018-09-16 19:16:22.0,220b648a9593cecf19258b2aabfe1817222fa312,false,false,,
librehealthio/lh-toolkit,false,9776,3,master,0,208,Other,8,11,12,171060,2016-09-20 05:20:04.0,2021-05-11 05:36:54.0,2021-05-11 05:37:01.0,,Java,0,0,1,0,2021-05-11 05:36:51.0,3a8ac056bb1a98d035e6ab7407f0151c88c8c494,false,false,"Java,Ruby,GAP,XSLT,Puppet,CSS,Gherkin,HTML,JavaScript,FreeMarker,Shell,Dockerfile","bug,dependencies,duplicate,enhancement,help wanted,invalid,question,wontfix"
liferay/portletmvc4spring,false,248,5,master,0,14,Apache License 2.0,6,16,14,1590,2019-03-07 16:57:55.0,2021-11-05 23:18:05.0,2021-11-05 23:16:52.0,,Java,10,3,10,0,2021-11-05 23:16:47.0,6db791a5d62b74e30353d4e5fa61cb0c4790297f,true,false,"Java,Perl,HTML,CSS","bug,dependencies,duplicate,enhancement,good first issue,help wanted,invalid,question,wontfix"
lightblue-platform/lightblue-core,false,1566,11,master,0,14,Other,15,30,22,9527,2013-11-05 15:44:42.0,2021-09-16 08:20:02.0,2021-09-16 08:20:05.0,,Java,441,126,383,2,2021-09-16 08:19:59.0,728496efbfddb67347d84a0c1a609138c86eb714,true,false,"Java,Shell,Python","bug,enhancement,in progress,open questions,pending pr merge,ready,ready for review,will not fix"
linkki-framework/linkki,false,1384,1,master,0,11,Other,5,12,5,48672,2017-10-18 07:44:52.0,2021-12-08 19:01:03.0,2021-12-08 19:01:07.0,,Java,4,1,6,0,2021-12-08 14:16:20.0,f9b4fa8b99fe473ab83e48ae829504ab5b4624f3,true,false,"Java,CSS,sed,JavaScript,SCSS,Shell,TypeScript,HTML","bug,dependencies,duplicate,enhancement,good first issue,help wanted,invalid,question,wontfix"
mambu-gmbh/mambu-apis-java,false,1050,20,master,0,17,Apache License 2.0,17,22,30,127526,2011-09-28 14:31:44.0,2021-11-09 08:35:50.0,2021-11-09 08:35:55.0,https://www.mambu.com,Java,31,14,185,2,2021-11-09 08:35:50.0,ca3e79aed605f4c6f0561eeb18eb37d8270a234c,true,false,Java,dependencies
matsim-org/matsim-episim,false,2281,9,master,1,18,GNU Affero General Public License v3.0,5,11,12,98588,2020-03-23 09:51:46.0,2021-02-11 09:02:33.0,2021-02-12 08:34:42.0,https://covid-sim.info,Java,13,0,50,0,2021-02-09 12:48:03.0,87458c9d8d05b94bc5edb6b30e42cedaf467e72d,false,false,"Java,Python,R,Makefile,Shell","bug,dependencies,documentation,duplicate,enhancement,good first issue,help wanted,invalid,question,wontfix"
matsim-org/matsim-episim-libs,false,2857,14,master,6,18,GNU Affero General Public License v3.0,7,15,17,107320,2020-03-23 09:51:46.0,2021-10-26 12:44:33.0,2021-10-25 09:43:33.0,https://covid-sim.info,Java,15,0,68,0,2021-10-25 09:43:21.0,78a600947ae4cd84beb674d1d81c2262f5ed2468,false,false,"Java,Python,R,Makefile,Shell","bug,dependencies,documentation,duplicate,enhancement,good first issue,help wanted,invalid,question,wontfix"
membrane/service-proxy,false,2966,14,master,26,20,Apache License 2.0,49,363,121,42963,2012-10-22 09:39:24.0,2021-11-24 13:06:57.0,2021-11-24 13:07:00.0,http://www.membrane-soa.org/service-proxy/,Java,317,27,64,1,2021-11-24 13:06:53.0,e5da08b31042f4e847ac3d4c9e8efa67283222d5,true,false,"Java,JavaScript,Shell,Batchfile,XSLT,CSS,HTML,PowerShell,Dockerfile","bug,dependencies,documentation,duplicate,enhancement,example,invalid,organization,possible bug,Prio-1,Prio-2,Prio-3,question,review,wontfix"
molgenis/molgenis-legacy,false,3204,3,testing,2,19,,21,22,21,568,2010-06-22 21:41:08.0,2013-09-05 06:22:56.0,2018-08-22 20:20:00.0,http://www.molgenis.org,Java,31,7,195,0,2013-09-05 06:22:56.0,807d311c72c0a2d8aa35c1543e1218561805fb4b,false,true,"Java,JavaScript,CSS","Bug,Feature,Improvement"
nceas/metacat,false,2741,57,main,17,10,GNU General Public License v2.0,12,15,7,147153,2018-01-24 17:39:29.0,2021-09-10 20:44:17.0,2021-09-10 20:44:35.0,,Java,1465,128,65,0,2021-09-10 20:44:17.0,8ce394ac3f634340047a88bb987961596b809b5e,true,false,"Java,JavaScript,XSLT,HTML,CSS,Perl,PLSQL,Shell,PHP,Ruby,Python,Scheme,TSQL,PLpgSQL,Batchfile,SAS","backlog,bug,Category: harvester,Category: index,Category: marine,Category: metacat,Category: obsolete - mde,Category: registry,Category: scheduler,Category: SRB MCAT,Component: Bugzilla-Id,dependencies,documentation,duplicate,enhancement,ESS-DIVE,good first issue,help wanted,in progress,invalid,Portal Editor,portals,Priority: Critical,Priority: High,Priority: Low,Priority: Normal,question,review,semantics,Status: Closed,Status: In Progress,Status: New,Status: Rejected,Status: Resolved,Status: Works For Me,Tracker: Bug,Tracker: Feature,Tracker: Story,Tracker: Support,Tracker: Task,wontfix"
ngageoint/mrgeo,false,2636,6,master,0,14,Apache License 2.0,40,193,59,857562,2014-11-21 18:04:35.0,2020-06-15 19:18:18.0,2020-11-29 16:48:41.0,https://github.com/ngageoint/mrgeo/wiki,Java,226,32,312,1,2019-10-23 13:04:31.0,77a3c22f4094680dfd275fb35dc8108e51d7cc66,true,false,,
noraui/noraui,false,2293,12,master,18,13,GNU Affero General Public License v3.0,5,50,26,297545,2017-03-02 16:11:01.0,2021-12-02 13:55:55.0,2021-12-02 13:55:15.0,https://noraui.github.io/,Java,58,2,95,2,2021-12-02 13:55:10.0,71b9d3fa84a89722a34e33a6f569f61b3c9e63f1,true,false,"Java,Gherkin,CSS,Shell","4.1.4,4.1.5,4.2.4,4.3.0,4.4.0,4.5.0,bug,Chrome-Webdriver-configuration,CLI,dependencies,duplicate,enhancement,fix issue,good first issue,headless / no headless,help wanted,invalid,java8,License,new feature,question,Sonar,unit test KO,V3.2.0,V3.3.0,V4.0.0,V4.2.0,V4.2.x,wontfix"
odpi/egeria-connector-ibm-information-server,false,1183,21,master,12,10,Apache License 2.0,12,14,14,19725,2019-04-16 18:55:17.0,2021-11-23 11:30:58.0,2021-11-23 11:30:27.0,https://odpi.github.io/egeria-connector-ibm-information-server,Java,114,15,507,7,2021-11-23 11:30:23.0,04fadd689a3a037090918966f8dc32ccf2f48309,false,false,"Java,HTML,Shell,Mustache,CSS","bug,code-quality,dependencies,duplicate,enhancement,functionality-call,good first issue,help wanted,invalid,optimization,pending PR,question,security,wontfix"
openmrs/openmrs-core,false,11556,73,master,0,348,Other,137,1064,3000,233650,2012-07-26 04:54:29.0,2021-12-10 04:26:57.0,2021-12-09 19:03:51.0,http://openmrs.org,Java,0,0,3921,54,2021-12-08 19:54:58.0,c87c3dcd12ce787bee5266df6996acf85c92998d,false,false,"Java,XSLT,CSS,JavaScript,HTML,Shell","bug,dependencies,duplicate,enhancement,github_actions,invalid,java,question,Stale,wontfix"
opennms/jrobin,false,488,7,master,19,10,GNU Lesser General Public License v2.1,35,16,12,12840,2013-04-11 16:26:28.0,2020-12-11 15:35:30.0,2020-12-11 15:35:30.0,,Java,3,3,1,0,2020-12-11 15:35:25.0,14d0bc4a546b778a6b8afedb454e2a9f74409f29,false,false,,
opentracing-contrib/java-specialagent,false,2286,8,master,33,15,Apache License 2.0,14,153,43,9611,2018-10-29 20:31:40.0,2021-03-09 12:09:01.0,2021-03-09 12:09:04.0,,Java,283,40,325,2,2021-03-09 12:09:01.0,6cea04f0d7cf44d882e8c7a93b5031256cdddb91,false,false,Java,".125,.25,.5,0,1,2,3,4,5,P0,P1,P2,bug,core,duplicate,good first issue,help wanted,invalid,question,request,rule,task,test,tracer,wontfix"
opentsdb/asyncbigtable,false,473,3,master,1,21,BSD 3-Clause New or Revised License,7,20,11,3167,2015-08-20 09:26:52.0,2021-07-29 21:41:12.0,2021-07-29 21:40:32.0,,Java,19,2,38,2,2021-07-29 21:40:20.0,c00d4678fbeb551dd450461a69f53eb48bdd81c0,true,false,Java,"bug,duplicate,enhancement,help wanted,invalid,question,wontfix,dependencies"
openwisesolutions/openhub-framework,false,482,11,develop,9,10,Apache License 2.0,11,41,6,11739,2016-11-06 15:37:50.0,2021-05-31 12:50:56.0,2021-05-31 11:56:28.0,http://www.openhubframework.org,Java,0,0,139,0,2021-05-31 11:56:23.0,845c02843c423fe28fc5b604daaeffcc5c2dc05d,false,false,"Java,JavaScript,CSS,PLpgSQL,Shell,HTML,SCSS","bug,dependencies,duplicate,help wanted,improvement,invalid,java,javascript,port of bugfixes,question,task,wontfix"
ops4j/org.ops4j.pax.wicket,false,891,12,master,60,16,Apache License 2.0,73,30,29,10493,2011-01-07 06:22:43.0,2019-10-14 05:11:31.0,2019-03-06 10:38:06.0,http://ops4j1.jira.com/wiki/display/paxwicket/Pax+Wicket,Java,0,0,27,4,2018-10-04 13:15:13.0,ef7cb4bdf918e9e61ec69789b9c690567616faa9,false,false,,
pinpoint-apm/pinpoint,false,12181,14,master,48,100,Apache License 2.0,761,11854,3517,235021,2014-10-20 09:27:22.0,2021-12-06 10:24:20.0,2021-12-06 17:07:13.0,https://pinpoint-apm.gitbook.io/,Java,3335,228,5109,35,2021-12-02 13:48:22.0,74f3066423fc36b21c0f4c806f9d42d6d236665c,true,false,"Java,TypeScript,CSS,HTML,SCSS,Less,Thrift,Shell,JavaScript,Groovy,TSQL,Batchfile","bug,cleanup,configuration,Continuous Integration,dependencies,docker,document,enhancement,FAQ,help wanted,invalid,known-issue,lib-update,log,module:agent,module:batch,module:collector,module:flink,module:metric,module:plugin,module:project-common,module:test,module:web,notices,proposal,question,release,security,stale,test,troubleshooting,ui,waiting for review,wontfix"
promregator/promregator,false,1431,24,master,50,15,Apache License 2.0,10,72,33,4097,2018-03-03 11:15:24.0,2021-12-01 05:39:24.0,2021-11-30 20:06:22.0,,Java,155,38,56,3,2021-11-30 20:06:09.0,d0202a60f7bbf502261217b12d47a9539ace0dc6,true,false,"Java,Shell,HTML,Dockerfile,CSS","author action,awaiting feedback,bug,dependencies,discussion,documentation,duplicate,enhancement,external reaction,good first issue,help wanted,invalid,missing double maint,organizational stuff,Polls,quality coverage,user opinion requested,waiting for release,wontfix"
rantav/hector,true,1798,31,master,31,35,MIT License,10,51,31,36760,2012-04-14 19:43:03.0,2012-04-15 06:14:41.0,2020-05-11 15:46:44.0,http://prettyprint.me/2010/02/23/hector-a-java-cassandra-client/,Java,0,0,0,0,2012-04-15 06:14:41.0,f27ec622ec1d35b638ce11e4f148158f61451aa4,true,false,,
rbmhtechnology/vind,false,1111,53,master,0,10,Apache License 2.0,9,25,13,6631,2017-06-08 13:42:42.0,2021-05-27 14:40:27.0,2021-05-27 14:40:29.0,https://rbmhtechnology.github.io/vind/,Java,124,21,97,3,2021-05-27 14:40:27.0,55155d121a7bdf55e1afcb9f1e5f54cae230a41b,false,false,"Java,Shell","Improvement,Smart Parser,bug,dependencies,duplicate,elasticsearch,feature,idea,invalid,question,solr,wontfix"
sable/heros,false,390,12,develop,7,14,GNU Lesser General Public License v2.1,20,141,80,7889,2012-11-14 20:16:17.0,2021-02-09 18:52:40.0,2021-02-09 19:13:48.0,,Java,19,6,24,1,2021-02-09 18:52:40.0,0b9878ddc79fc34372beb8bce0c5298153589905,true,false,Java,"bug,dependencies,duplicate,enhancement,invalid,question,wontfix"
sanger-pathogens/artemis,false,5426,6,master,13,12,GNU General Public License v3.0,13,115,51,161284,2009-09-30 12:46:38.0,2020-02-07 09:46:06.0,2020-04-26 06:31:29.0,http://sanger-pathogens.github.io/Artemis,Java,33,7,274,0,2020-02-07 09:46:05.0,0f8b905a0eea39df375a65b1d9dafb1a4bd082eb,true,false,,
seata/seata,false,1358,14,develop,31,221,Apache License 2.0,877,21304,7107,9460,2018-12-28 08:37:22.0,2021-12-10 03:13:07.0,2021-12-10 10:04:09.0,https://seata.io,Java,2379,530,1795,70,2021-12-08 03:36:05.0,a3f8dce003a3f82cef91fc09897fa962e254fcf5,true,false,"Java,ANTLR,TypeScript,SCSS,Shell,Kotlin,Batchfile,Less,Python,Mustache,Lua,Dockerfile","apm,apm/skywalking,closed: declined,closed: duplicate,closed: invalid,closed: solved,closed: superseded,closed: temporarily-not-supported,DB: H2,DB: MySQL,DB: Oracle,DB: PgSQL,DB: PostgreSQL,DB: SQLServer,DL: MyCat,DL: Sharding-JDBC,Do Not Merge,first-time contributor,for: external-project,for: team-attention,for: team-meeting,good first issue,Impact Upgrade,mode: AT,mode: LCN,mode: SAGA,mode: TCC,mode: XA,module/common,module/compressor,module/config,module/console,module/core,module/discovery,module/distribution,module/integration,module/metrics,module/registry,module/rm,module/rm-datasource,module/saga,module/script,module/seata-spring-boot-starter,module/serializer,module/server,module/spring,module/sqlparser,module/tcc,module/test,module/tm,MQ: RocketMQ,ORM,ORM: JPA,ORM: MyBatis,ORM: MyBatis-Plus,priority: high,priority: low,priority: normal,priority: urgent,RM,RPC,RPC-Registry,RPC: Dubbo,RPC: Motan,RPC: SpringCloud,size: L,size: M,size: S,size: XL,size: XS,size: XXL,solution,solution/build,solution/MySQL,solution/Oracle,solution/RegistrationCenter,status: feedback-provided,status: feedback-reminder,status: help-wanted,status: inactive,status: merge-conflict,status: on-hold,status: to-be-discussed,status: to-be-supported,status: waiting-for-feedback,status: waiting-for-triage,Summer2021,TC,TC/store,testing/performance,testing/stress,theme: ASoC2020,theme: code style,theme: config,theme: DB support,theme: demo,theme: docker,theme: experience,theme: HA,theme: netty,theme: network,theme: performance,theme: storage,theme: wiki-document,TM,type: bug,type: bug-suspected,type: discussion,type: enhancement,type: feature,type: notice,type: optimize,type: question,type: refactor,type: solution,Upgrade Notice,waiting-for-triage,waitting-to-merge,website: seata.io,weekly-report,wontfix"
signum-network/signum-node,true,3329,6,main,41,54,GNU General Public License v3.0,22,179,67,84328,2018-12-27 21:39:02.0,2021-12-06 21:39:07.0,2021-12-06 19:45:00.0,,Java,163,28,407,7,2021-12-06 19:44:56.0,d4293a768b5694835cb9d7980d6b60e87fc6462a,false,false,"Java,JavaScript,HTML,CSS,Shell","backend,bug,codebase,dependencies,dist,docs,dontmerge,duplicate,enhancement,fork-hard,fork-soft,frontend,help wanted,priority-dropeverything,priority-high,priority-low,priority-medium,question,UI,wontfix"
snowflakedb/snowflake-kafka-connector,false,257,33,master,27,19,Apache License 2.0,12,59,50,9832,2019-05-21 22:51:40.0,2021-12-03 23:37:45.0,2021-12-03 20:02:12.0,,Java,93,35,262,11,2021-12-03 20:02:08.0,7e79db3493fd2ab293be5752b7d8f92078ff706a,false,false,"Java,Python,Shell","bug,configuration error,dependencies,duplicate,enhancement,good first issue,help wanted,invalid,question,security fix,security vulnerability,wontfix"
sofastack/sofa-registry,false,42,10,master,6,11,Apache License 2.0,36,512,160,6550,2019-03-22 08:49:22.0,2021-12-09 11:46:55.0,2021-12-10 08:13:57.0,https://www.sofastack.tech/sofa-registry/docs/Home,Java,109,77,69,13,2021-12-09 11:46:54.0,12dd38438ee6bcb8407d6f037023a64d458cf7d6,false,false,"Java,Shell,Batchfile","bug,cla:no,cla:yes,deep-dive,dependencies,duplicate,enhancement,First-time contributor,good first issue,help wanted,invalid,new feature,question,size/L,size/M,size/S,size/XL,size/XS,size/XXL,upgrade version,wontfix"
softindex/datakernel,false,2731,71,master,19,14,Apache License 2.0,15,86,13,26894,2015-06-25 23:40:57.0,2020-07-14 15:50:39.0,2020-12-09 03:31:16.0,https://datakernel.io,Java,16,6,8,0,2020-06-25 12:36:09.0,69a6bcb85be43177d96ea56041b63e8d8ffb10de,false,false,,
staartvin/autorank-2,false,1795,2,master,14,13,Other,16,52,59,38631,2012-12-27 14:20:36.0,2021-02-03 14:09:33.0,2021-02-03 14:09:36.0,,Java,743,31,31,2,2021-02-03 14:09:26.0,7b579e2fd30da32e57f9fc7867729b4ffd49bd5b,true,false,Java,"bug,dependencies,enhancement,wontfix"
strimzi/strimzi-kafka-operator,false,4168,29,main,88,148,Apache License 2.0,90,2817,767,53422,2016-05-06 08:52:33.0,2021-12-10 09:56:42.0,2021-12-10 07:08:52.0,https://strimzi.io/,Java,1697,222,3615,24,2021-12-09 23:59:01.0,93d9c1f961e9183b8fab4dd0d9e2cc2a8a494116,false,false,"Java,Shell,Makefile,Groovy,Mustache,Dockerfile,Awk,1C Enterprise","bug,build,cluster operator,cluster-balancing,dependencies,discussion,do-not-merge,docker images,documentation,enhancement,good-start,helm-chart,help wanted,kafka broker,kafka connect,monitoring,needs big review,needs review,peer-review-done,peer-review-needed,question,ready for merge,requirements,sme-review-done,sme-review-needed,System tests,topic operator,user operator,yaml,zookeeper"
thehydroimpulse/storm-kafka-starter,false,90,1,master,0,12,Other,3,18,27,314,2013-03-18 05:14:51.0,2013-03-18 05:15:12.0,2019-11-01 04:17:22.0,http://hydrocodedesign.com,Java,1,0,0,0,2013-03-18 05:16:17.0,4ae5c071161e4b0649273e2b483f1f117eae2c22,true,false,,
tudan110/nacos,true,3687,34,develop,0,199,Apache License 2.0,2,15,6,42037,2021-01-27 09:41:18.0,2021-08-13 14:56:27.0,2021-08-13 14:44:24.0,https://nacos.io,Java,0,0,7,0,2021-08-13 14:44:11.0,0adddb66ca31cdd6fe605ac737857a96e363da11,true,false,"Java,SCSS,Shell,JavaScript,TypeScript,Batchfile","bug,documentation,duplicate,enhancement,help wanted,good first issue,invalid,question,wontfix"
vaadin/framework,false,19149,93,master,170,194,Other,144,1710,730,481898,2012-10-19 10:41:30.0,2021-12-03 10:30:11.0,2021-12-04 02:01:13.0,http://vaadin.com/,Java,9714,477,2766,8,2021-11-26 14:02:42.0,0399984366d38da662e60581774a1e2b563c5bd9,false,false,"Java,SCSS,JavaScript,HTML,Shell,Batchfile,Python,CSS,Smarty","BFP,bug,candidate,cannot reproduce,dependencies,documentation,duplicate,enhancement,Epic,Good First Issue,Help wanted,invalid,needs design,pick to 7,pick to compatibility package,Pinned,Project packaging build release,push,question,Stale,v6,v7,v7-compatibility-pack,valo,waiting for author,wontfix,workaround"
vidstige/jadb,false,323,2,master,6,22,Apache License 2.0,25,445,138,682,2013-07-25 18:45:02.0,2021-09-06 17:04:12.0,2021-09-07 07:03:12.0,,Java,61,7,82,4,2021-03-05 15:42:59.0,6dd039aeb5eb2df31c73eacd04ef11eb8e73c3ba,false,false,"Java,Shell","bug,dependencies,duplicate,enhancement,first-timers-only,good first issue,invalid,question,wontfix"
visallo/vertexium,false,1192,25,master,85,13,Apache License 2.0,16,55,34,17696,2015-03-06 19:27:47.0,2021-04-27 14:16:23.0,2021-04-27 14:16:24.0,http://vertexium.org/,Java,54,23,420,5,2021-04-27 14:16:20.0,5d70548168a92f872abe2ea16651b5a6025ab6ac,false,false,"Java,Gherkin,ANTLR,XSLT,Dockerfile,Shell","bug,dependencies,done,duplicate,enhancement,help wanted,in progress,invalid,question,ready,wontfix"
wolfsblvt/blossomspokemongomanager,false,712,2,develop,10,25,,72,404,125,1071,2016-08-02 10:40:33.0,2020-10-18 00:45:22.0,2020-12-01 02:28:23.0,https://discord.gg/E9v8RRb,Java,346,51,245,5,2017-04-08 13:11:01.0,d33ef2b0d24bc20143e6ddb7d43e447132500335,true,false,,
wso2/testgrid,false,2298,22,master,30,33,Apache License 2.0,41,15,52,32396,2017-10-25 08:21:00.0,2021-09-30 10:06:10.0,2021-09-30 10:06:14.0,,Java,647,68,727,10,2021-09-30 10:06:10.0,9b8d51fc953f54cb6a0180ed18a864ec78595ff1,true,false,"Java,Shell,Python,Mustache,Groovy,Dockerfile,CSS,PowerShell,Batchfile,HTML","code refactor,dependencies,good first issue,help wanted,java,javascript,Priority/High,Priority/Highest,Priority/Low,Priority/Normal,Resolution/Cannot Reproduce,Resolution/Duplicate,Resolution/Fixed,Resolution/Invalid,Resolution/Not a bug,Resolution/Postponed,Resolution/Wonâ€™t Fix,Severity/Blocker,Severity/Critical,Severity/Major,Severity/Minor,Severity/Trivial,Status/In Progress,Status/Resolved,Testgrid/Cloudformation,Testgrid/Dashboard,Testgrid/Kubernetes,Testgrid/Long Running Tests,Type/Bug,Type/Epic,Type/Improvement,Type/New Feature,Type/PoC,Type/Question,Type/Task,Type/UX"
